-- phpMyAdmin SQL Dump
-- version 4.2.11
-- http://www.phpmyadmin.net
--
-- Host: localhost
-- Generation Time: Dec 11, 2014 at 09:30 
-- Server version: 5.6.21
-- PHP Version: 5.6.3

SET SQL_MODE = "NO_AUTO_VALUE_ON_ZERO";
SET time_zone = "+00:00";


/*!40101 SET @OLD_CHARACTER_SET_CLIENT=@@CHARACTER_SET_CLIENT */;
/*!40101 SET @OLD_CHARACTER_SET_RESULTS=@@CHARACTER_SET_RESULTS */;
/*!40101 SET @OLD_COLLATION_CONNECTION=@@COLLATION_CONNECTION */;
/*!40101 SET NAMES utf8 */;

--
-- Database: `sew`
--

-- --------------------------------------------------------

--
-- Table structure for table `energieverbruik`
--

CREATE TABLE IF NOT EXISTS `energieverbruik` (
  `tijd` time NOT NULL,
  `wijknr` smallint(5) unsigned NOT NULL,
  `verbruik` float NOT NULL
) ENGINE=InnoDB DEFAULT CHARSET=latin1;

--
-- Dumping data for table `energieverbruik`
--

INSERT INTO `energieverbruik` (`tijd`, `wijknr`, `verbruik`) VALUES
('00:15:00', 1, 3.2),
('00:30:00', 1, 3.2),
('00:45:00', 1, 3.2),
('01:00:00', 1, 3.2),
('01:15:00', 1, 53.2),
('01:30:00', 1, 23.2),
('01:45:00', 1, 23.2),
('02:00:00', 1, 8.2),
('02:15:00', 1, 3.2),
('02:30:00', 1, 3.2),
('02:45:00', 1, 3.2),
('03:00:00', 1, 3.2),
('03:15:00', 1, 3.2),
('03:30:00', 1, 3.2),
('03:45:00', 1, 3.2),
('04:00:00', 1, 203.2),
('04:15:00', 1, 3.2),
('04:30:00', 1, 3.2),
('04:45:00', 1, 3.2),
('05:00:00', 1, 3.2),
('05:15:00', 1, 3.2),
('05:30:00', 1, 3.2),
('05:45:00', 1, 3.2),
('06:00:00', 1, 3),
('06:15:00', 1, 736.133),
('06:30:00', 1, 2002.8),
('06:45:00', 1, 602.8),
('07:00:00', 1, 602.8),
('07:15:00', 1, 602.8),
('07:30:00', 1, 602.8),
('07:45:00', 1, 552.8),
('08:00:00', 1, 202.8),
('08:15:00', 1, 3),
('08:30:00', 1, 3),
('08:45:00', 1, 3),
('09:00:00', 1, 3),
('09:15:00', 1, 3),
('09:30:00', 1, 3),
('09:45:00', 1, 3.2),
('10:00:00', 1, 3.2),
('10:15:00', 1, 2.8),
('10:30:00', 1, 202.8),
('10:45:00', 1, 2.8),
('11:00:00', 1, 2.8),
('11:15:00', 1, 3),
('11:30:00', 1, 3),
('11:45:00', 1, 3),
('12:00:00', 1, 3),
('12:15:00', 1, 3.2),
('12:30:00', 1, 1199.91),
('12:45:00', 1, 503.2),
('13:00:00', 1, 438.2),
('13:15:00', 1, 438.2),
('13:30:00', 1, 303.2),
('13:45:00', 1, 303.2),
('14:00:00', 1, 203.2),
('14:15:00', 1, 226.2),
('14:30:00', 1, 21.2),
('14:45:00', 1, 9.2),
('15:00:00', 1, 3.2),
('15:15:00', 1, 2.8),
('15:30:00', 1, 2.8),
('15:45:00', 1, 3.2),
('16:00:00', 1, 3.2),
('16:15:00', 1, 2.8),
('16:30:00', 1, 2.8),
('16:45:00', 1, 2.8),
('17:00:00', 1, 2.8),
('17:15:00', 1, 2.8),
('17:30:00', 1, 2.8),
('17:45:00', 1, 192.573),
('18:00:00', 1, 2002.8),
('18:15:00', 1, 552.8),
('18:30:00', 1, 552.8),
('18:45:00', 1, 552.8),
('19:00:00', 1, 552.8),
('19:15:00', 1, 753),
('19:30:00', 1, 553),
('19:45:00', 1, 553),
('20:00:00', 1, 553),
('20:15:00', 1, 688),
('20:30:00', 1, 888),
('20:45:00', 1, 688.2),
('21:00:00', 1, 137.8),
('21:15:00', 1, 138),
('21:30:00', 1, 138),
('21:45:00', 1, 138),
('22:00:00', 1, 138),
('22:15:00', 1, 3.2),
('22:30:00', 1, 3.2),
('22:45:00', 1, 3.2),
('23:00:00', 1, 61.8378),
('23:15:00', 1, 58.756),
('23:30:00', 1, 58.756),
('23:45:00', 1, 58.756),
('24:00:00', 1, 2.8);

-- --------------------------------------------------------

--
-- Table structure for table `EV`
--

CREATE TABLE IF NOT EXISTS `EV` (
  `wijknr` smallint(5) unsigned NOT NULL,
  `tijd` time NOT NULL,
  `SOC` float unsigned NOT NULL
) ENGINE=InnoDB DEFAULT CHARSET=latin1;

--
-- Dumping data for table `EV`
--

INSERT INTO `EV` (`wijknr`, `tijd`, `SOC`) VALUES
(1, '00:15:00', 54),
(1, '00:30:00', 216),
(1, '00:45:00', 378),
(1, '01:00:00', 540),
(1, '01:15:00', 702),
(1, '01:30:00', 864),
(1, '01:45:00', 1026),
(1, '02:00:00', 1188),
(1, '02:15:00', 1350),
(1, '02:30:00', 1512),
(1, '02:45:00', 1674),
(1, '03:00:00', 1836),
(1, '03:15:00', 1998),
(1, '03:30:00', 2160),
(1, '03:45:00', 2322),
(1, '04:00:00', 2484),
(1, '04:15:00', 2646),
(1, '04:30:00', 2808),
(1, '04:45:00', 2970),
(1, '05:00:00', 3132),
(1, '05:15:00', 3294),
(1, '05:30:00', 3456),
(1, '05:45:00', 3618),
(1, '06:00:00', 3780),
(1, '06:15:00', 3780),
(1, '06:30:00', 3618),
(1, '06:45:00', 3456),
(1, '07:00:00', 3294),
(1, '07:15:00', 3132),
(1, '07:30:00', 2970),
(1, '07:45:00', 2808),
(1, '08:00:00', 2646),
(1, '08:15:00', 2484),
(1, '08:30:00', 1944),
(1, '08:45:00', 1404),
(1, '09:00:00', 864),
(1, '09:15:00', 324),
(1, '09:30:00', 324),
(1, '09:45:00', 324),
(1, '10:00:00', 486),
(1, '10:15:00', 648),
(1, '10:30:00', 486),
(1, '10:45:00', 324),
(1, '11:00:00', 162),
(1, '11:15:00', 0),
(1, '11:30:00', 0),
(1, '11:45:00', 0),
(1, '12:00:00', 0),
(1, '12:15:00', 0),
(1, '12:30:00', 162),
(1, '12:45:00', 324),
(1, '13:00:00', 486),
(1, '13:15:00', 648),
(1, '13:30:00', 810),
(1, '13:45:00', 972),
(1, '14:00:00', 1134),
(1, '14:15:00', 1296),
(1, '14:30:00', 1458),
(1, '14:45:00', 1620),
(1, '15:00:00', 1782),
(1, '15:15:00', 1944),
(1, '15:30:00', 1782),
(1, '15:45:00', 1620),
(1, '16:00:00', 1782),
(1, '16:15:00', 1944),
(1, '16:30:00', 1782),
(1, '16:45:00', 1620),
(1, '17:00:00', 1458),
(1, '17:15:00', 1296),
(1, '17:30:00', 1134),
(1, '17:45:00', 972),
(1, '18:00:00', 810),
(1, '18:15:00', 648),
(1, '18:30:00', 486),
(1, '18:45:00', 324),
(1, '19:00:00', 162),
(1, '19:15:00', 0),
(1, '19:30:00', 0),
(1, '19:45:00', 0),
(1, '20:00:00', 0),
(1, '20:15:00', 0),
(1, '20:30:00', 0),
(1, '20:45:00', 0),
(1, '21:00:00', 162),
(1, '21:15:00', 0),
(1, '21:30:00', 0),
(1, '21:45:00', 0),
(1, '22:00:00', 0),
(1, '22:15:00', 0),
(1, '22:30:00', 162),
(1, '22:45:00', 324),
(1, '23:00:00', 486),
(1, '23:15:00', 648),
(1, '23:30:00', 486),
(1, '23:45:00', 324),
(1, '24:00:00', 162);

-- --------------------------------------------------------

--
-- Table structure for table `fornuis`
--

CREATE TABLE IF NOT EXISTS `fornuis` (
  `wijknr` smallint(5) unsigned NOT NULL,
  `tijd` time NOT NULL,
  `verbruik` float unsigned NOT NULL
) ENGINE=InnoDB DEFAULT CHARSET=latin1;

--
-- Dumping data for table `fornuis`
--

INSERT INTO `fornuis` (`wijknr`, `tijd`, `verbruik`) VALUES
(1, '00:15:00', 0),
(1, '00:30:00', 0),
(1, '00:45:00', 0),
(1, '01:00:00', 0),
(1, '01:15:00', 0),
(1, '01:30:00', 0),
(1, '01:45:00', 0),
(1, '02:00:00', 0),
(1, '02:15:00', 0),
(1, '02:30:00', 0),
(1, '02:45:00', 0),
(1, '03:00:00', 0),
(1, '03:15:00', 0),
(1, '03:30:00', 0),
(1, '03:45:00', 0),
(1, '04:00:00', 0),
(1, '04:15:00', 0),
(1, '04:30:00', 0),
(1, '04:45:00', 0),
(1, '05:00:00', 0),
(1, '05:15:00', 0),
(1, '05:30:00', 0),
(1, '05:45:00', 0),
(1, '06:00:00', 0),
(1, '06:15:00', 0),
(1, '06:30:00', 0),
(1, '06:45:00', 0),
(1, '07:00:00', 0),
(1, '07:15:00', 0),
(1, '07:30:00', 0),
(1, '07:45:00', 0),
(1, '08:00:00', 0),
(1, '08:15:00', 0),
(1, '08:30:00', 0),
(1, '08:45:00', 0),
(1, '09:00:00', 0),
(1, '09:15:00', 0),
(1, '09:30:00', 0),
(1, '09:45:00', 0),
(1, '10:00:00', 0),
(1, '10:15:00', 0),
(1, '10:30:00', 0),
(1, '10:45:00', 0),
(1, '11:00:00', 0),
(1, '11:15:00', 0),
(1, '11:30:00', 0),
(1, '11:45:00', 0),
(1, '12:00:00', 0),
(1, '12:15:00', 0),
(1, '12:30:00', 8000),
(1, '12:45:00', 0),
(1, '13:00:00', 0),
(1, '13:15:00', 0),
(1, '13:30:00', 0),
(1, '13:45:00', 0),
(1, '14:00:00', 0),
(1, '14:15:00', 0),
(1, '14:30:00', 0),
(1, '14:45:00', 0),
(1, '15:00:00', 0),
(1, '15:15:00', 0),
(1, '15:30:00', 0),
(1, '15:45:00', 0),
(1, '16:00:00', 0),
(1, '16:15:00', 0),
(1, '16:30:00', 0),
(1, '16:45:00', 0),
(1, '17:00:00', 0),
(1, '17:15:00', 0),
(1, '17:30:00', 0),
(1, '17:45:00', 0),
(1, '18:00:00', 0),
(1, '18:15:00', 0),
(1, '18:30:00', 0),
(1, '18:45:00', 0),
(1, '19:00:00', 8000),
(1, '19:15:00', 8000),
(1, '19:30:00', 0),
(1, '19:45:00', 0),
(1, '20:00:00', 0),
(1, '20:15:00', 0),
(1, '20:30:00', 0),
(1, '20:45:00', 0),
(1, '21:00:00', 0),
(1, '21:15:00', 0),
(1, '21:30:00', 0),
(1, '21:45:00', 0),
(1, '22:00:00', 0),
(1, '22:15:00', 0),
(1, '22:30:00', 0),
(1, '22:45:00', 0),
(1, '23:00:00', 0),
(1, '23:15:00', 0),
(1, '23:30:00', 0),
(1, '23:45:00', 0),
(1, '24:00:00', 0);

-- --------------------------------------------------------

--
-- Table structure for table `heb`
--

CREATE TABLE IF NOT EXISTS `heb` (
`id` int(10) unsigned NOT NULL,
  `wijknr` smallint(5) unsigned NOT NULL,
  `naam` varchar(32) CHARACTER SET utf8 COLLATE utf8_unicode_ci NOT NULL,
  `productie` float unsigned NOT NULL,
  `status` tinyint(4) unsigned NOT NULL DEFAULT '0'
) ENGINE=InnoDB AUTO_INCREMENT=4 DEFAULT CHARSET=latin1;

--
-- Dumping data for table `heb`
--

INSERT INTO `heb` (`id`, `wijknr`, `naam`, `productie`, `status`) VALUES
(1, 1, 'windmolen', 2900, 1),
(2, 21, 'windmolen', 2850, 1),
(3, 21, 'zonnepanneel', 450, 1);

-- --------------------------------------------------------

--
-- Table structure for table `heb_gesch`
--

CREATE TABLE IF NOT EXISTS `heb_gesch` (
  `tijd` time NOT NULL,
  `heb_id` int(10) unsigned NOT NULL,
  `productie` float unsigned NOT NULL,
  `status` tinyint(3) unsigned NOT NULL COMMENT '100 is aan; 0 is uit'
) ENGINE=InnoDB DEFAULT CHARSET=latin1;

-- --------------------------------------------------------

--
-- Table structure for table `ijskast`
--

CREATE TABLE IF NOT EXISTS `ijskast` (
  `wijknr` smallint(5) unsigned NOT NULL,
  `tijd` time NOT NULL,
  `verbruik` float unsigned NOT NULL
) ENGINE=InnoDB DEFAULT CHARSET=latin1;

--
-- Dumping data for table `ijskast`
--

INSERT INTO `ijskast` (`wijknr`, `tijd`, `verbruik`) VALUES
(1, '00:15:00', 0),
(1, '00:30:00', 0),
(1, '00:45:00', 0),
(1, '01:00:00', 0),
(1, '01:15:00', 0),
(1, '01:30:00', 0),
(1, '01:45:00', 0),
(1, '02:00:00', 0),
(1, '02:15:00', 0),
(1, '02:30:00', 0),
(1, '02:45:00', 0),
(1, '03:00:00', 0),
(1, '03:15:00', 0),
(1, '03:30:00', 0),
(1, '03:45:00', 0),
(1, '04:00:00', 200),
(1, '04:15:00', 0),
(1, '04:30:00', 0),
(1, '04:45:00', 0),
(1, '05:00:00', 0),
(1, '05:15:00', 0),
(1, '05:30:00', 0),
(1, '05:45:00', 0),
(1, '06:00:00', 0),
(1, '06:15:00', 0),
(1, '06:30:00', 0),
(1, '06:45:00', 0),
(1, '07:00:00', 0),
(1, '07:15:00', 0),
(1, '07:30:00', 0),
(1, '07:45:00', 0),
(1, '08:00:00', 200),
(1, '08:15:00', 0),
(1, '08:30:00', 0),
(1, '08:45:00', 0),
(1, '09:00:00', 0),
(1, '09:15:00', 0),
(1, '09:30:00', 0),
(1, '09:45:00', 0),
(1, '10:00:00', 0),
(1, '10:15:00', 0),
(1, '10:30:00', 200),
(1, '10:45:00', 0),
(1, '11:00:00', 0),
(1, '11:15:00', 0),
(1, '11:30:00', 0),
(1, '11:45:00', 0),
(1, '12:00:00', 0),
(1, '12:15:00', 0),
(1, '12:30:00', 0),
(1, '12:45:00', 200),
(1, '13:00:00', 0),
(1, '13:15:00', 0),
(1, '13:30:00', 0),
(1, '13:45:00', 0),
(1, '14:00:00', 200),
(1, '14:15:00', 200),
(1, '14:30:00', 0),
(1, '14:45:00', 0),
(1, '15:00:00', 0),
(1, '15:15:00', 0),
(1, '15:30:00', 0),
(1, '15:45:00', 0),
(1, '16:00:00', 0),
(1, '16:15:00', 0),
(1, '16:30:00', 0),
(1, '16:45:00', 0),
(1, '17:00:00', 0),
(1, '17:15:00', 0),
(1, '17:30:00', 0),
(1, '17:45:00', 0),
(1, '18:00:00', 0),
(1, '18:15:00', 0),
(1, '18:30:00', 0),
(1, '18:45:00', 0),
(1, '19:00:00', 0),
(1, '19:15:00', 200),
(1, '19:30:00', 0),
(1, '19:45:00', 0),
(1, '20:00:00', 0),
(1, '20:15:00', 0),
(1, '20:30:00', 200),
(1, '20:45:00', 0),
(1, '21:00:00', 0),
(1, '21:15:00', 0),
(1, '21:30:00', 0),
(1, '21:45:00', 0),
(1, '22:00:00', 0),
(1, '22:15:00', 0),
(1, '22:30:00', 0),
(1, '22:45:00', 0),
(1, '23:00:00', 0),
(1, '23:15:00', 0),
(1, '23:30:00', 0),
(1, '23:45:00', 0),
(1, '24:00:00', 0);

-- --------------------------------------------------------

--
-- Table structure for table `instelling`
--

CREATE TABLE IF NOT EXISTS `instelling` (
`id` int(10) unsigned NOT NULL,
  `toestel_id` int(10) unsigned NOT NULL,
  `starttijd` time NOT NULL,
  `stoptijd` time NOT NULL,
  `status` int(11) DEFAULT NULL
) ENGINE=InnoDB AUTO_INCREMENT=8 DEFAULT CHARSET=latin1;

--
-- Dumping data for table `instelling`
--

INSERT INTO `instelling` (`id`, `toestel_id`, `starttijd`, `stoptijd`, `status`) VALUES
(1, 7, '09:00:00', '16:00:00', 100),
(2, 5, '20:00:00', '22:00:00', 100),
(3, 8, '20:00:00', '23:00:00', 100),
(4, 9, '10:00:00', '16:00:00', 100),
(5, 10, '05:00:00', '20:00:00', 100),
(6, 11, '08:00:00', '09:00:00', 100),
(7, 12, '20:00:00', '06:30:00', 100);

-- --------------------------------------------------------

--
-- Stand-in structure for view `instellingView`
--
CREATE TABLE IF NOT EXISTS `instellingView` (
`id` int(10) unsigned
,`toestel_id` int(10) unsigned
,`starttijd` time
,`stoptijd` time
,`naam` varchar(32)
,`wijknr` smallint(5) unsigned
);
-- --------------------------------------------------------

--
-- Table structure for table `instelling_verwarming`
--

CREATE TABLE IF NOT EXISTS `instelling_verwarming` (
`id` int(10) unsigned NOT NULL,
  `verwarming_id` int(10) unsigned NOT NULL,
  `starttijd` time NOT NULL,
  `stoptijd` time NOT NULL,
  `max_temp` int(4) NOT NULL,
  `min_temp` int(4) NOT NULL
) ENGINE=InnoDB AUTO_INCREMENT=6 DEFAULT CHARSET=latin1;

--
-- Dumping data for table `instelling_verwarming`
--

INSERT INTO `instelling_verwarming` (`id`, `verwarming_id`, `starttijd`, `stoptijd`, `max_temp`, `min_temp`) VALUES
(1, 3, '07:00:00', '09:00:00', 298, 293),
(2, 3, '18:00:00', '22:00:00', 295, 291),
(3, 6, '06:30:00', '08:00:00', 293, 291),
(4, 6, '12:30:00', '14:00:00', 293, 289),
(5, 6, '18:00:00', '21:00:00', 295, 289);

-- --------------------------------------------------------

--
-- Table structure for table `net_energieverbruik`
--

CREATE TABLE IF NOT EXISTS `net_energieverbruik` (
  `tijd` time NOT NULL,
  `wijknr` smallint(5) unsigned NOT NULL,
  `net_verbruik` float unsigned NOT NULL
) ENGINE=InnoDB DEFAULT CHARSET=latin1;

--
-- Dumping data for table `net_energieverbruik`
--

INSERT INTO `net_energieverbruik` (`tijd`, `wijknr`, `net_verbruik`) VALUES
('00:15:00', 1, 0.0008),
('00:30:00', 1, 0.0008),
('00:45:00', 1, 0.0008),
('01:00:00', 1, 0.0008),
('01:15:00', 1, 0.0133),
('01:30:00', 1, 0.0058),
('01:45:00', 1, 0.0058),
('02:00:00', 1, 0.00205),
('02:15:00', 1, 0.0008),
('02:30:00', 1, 0.0008),
('02:45:00', 1, 0.0008),
('03:00:00', 1, 0.0008),
('03:15:00', 1, 0.0008),
('03:30:00', 1, 0.0008),
('03:45:00', 1, 0.0008),
('04:00:00', 1, 0.0508),
('04:15:00', 1, 0.0008),
('04:30:00', 1, 0.0008),
('04:45:00', 1, 0.0008),
('05:00:00', 1, 0.0008),
('05:15:00', 1, 0.0008),
('05:30:00', 1, 0.0008),
('05:45:00', 1, 0.0008),
('06:00:00', 1, 0.00075),
('06:15:00', 1, 0.144033),
('06:30:00', 1, 0),
('06:45:00', 1, 0),
('07:00:00', 1, 0),
('07:15:00', 1, 0),
('07:30:00', 1, 0),
('07:45:00', 1, 0),
('08:00:00', 1, 0),
('08:15:00', 1, 0),
('08:30:00', 1, 0),
('08:45:00', 1, 0),
('09:00:00', 1, 0),
('09:15:00', 1, 0),
('09:30:00', 1, 0),
('09:45:00', 1, 0),
('10:00:00', 1, 0),
('10:15:00', 1, 0),
('10:30:00', 1, 0),
('10:45:00', 1, 0),
('11:00:00', 1, 0),
('11:15:00', 1, 0),
('11:30:00', 1, 0),
('11:45:00', 1, 0),
('12:00:00', 1, 0),
('12:15:00', 1, 0),
('12:30:00', 1, 0),
('12:45:00', 1, 0),
('13:00:00', 1, 0),
('13:15:00', 1, 0),
('13:30:00', 1, 0),
('13:45:00', 1, 0),
('14:00:00', 1, 0),
('14:15:00', 1, 0),
('14:30:00', 1, 0),
('14:45:00', 1, 0),
('15:00:00', 1, 0),
('15:15:00', 1, 0),
('15:30:00', 1, 0),
('15:45:00', 1, 0),
('16:00:00', 1, 0),
('16:15:00', 1, 0),
('16:30:00', 1, 0),
('16:45:00', 1, 0),
('17:00:00', 1, 0),
('17:15:00', 1, 0),
('17:30:00', 1, 0.0007),
('17:45:00', 1, 0.0481431),
('18:00:00', 1, 0.5007),
('18:15:00', 1, 0.1382),
('18:30:00', 1, 0.1382),
('18:45:00', 1, 0.1382),
('19:00:00', 1, 0.1382),
('19:15:00', 1, 0.18825),
('19:30:00', 1, 0.13825),
('19:45:00', 1, 0.13825),
('20:00:00', 1, 0.13825),
('20:15:00', 1, 0.172),
('20:30:00', 1, 0.222),
('20:45:00', 1, 0.17205),
('21:00:00', 1, 0.03445),
('21:15:00', 1, 0.0345),
('21:30:00', 1, 0.0345),
('21:45:00', 1, 0.0345),
('22:00:00', 1, 0.0345),
('22:15:00', 1, 0.0008),
('22:30:00', 1, 0.0008),
('22:45:00', 1, 0.0008),
('23:00:00', 1, 0.0154595),
('23:15:00', 1, 0.014689),
('23:30:00', 1, 0.014689),
('23:45:00', 1, 0.014689),
('24:00:00', 1, 0.0007);

-- --------------------------------------------------------

--
-- Table structure for table `prijs`
--

CREATE TABLE IF NOT EXISTS `prijs` (
  `tijd` time NOT NULL,
  `euro-kwh` float unsigned NOT NULL
) ENGINE=InnoDB DEFAULT CHARSET=latin1;

--
-- Dumping data for table `prijs`
--

INSERT INTO `prijs` (`tijd`, `euro-kwh`) VALUES
('00:15:00', 28.93),
('00:30:00', 28.93),
('00:45:00', 28.93),
('01:00:00', 28.93),
('01:15:00', 28.92),
('01:30:00', 28.92),
('01:45:00', 28.92),
('02:00:00', 28.92),
('02:15:00', 29.64),
('02:30:00', 29.64),
('02:45:00', 29.64),
('03:00:00', 29.64),
('03:15:00', 30.86),
('03:30:00', 30.86),
('03:45:00', 30.86),
('04:00:00', 30.86),
('04:15:00', 37.41),
('04:30:00', 37.41),
('04:45:00', 37.41),
('05:00:00', 37.41),
('05:15:00', 51.94),
('05:30:00', 51.94),
('05:45:00', 51.94),
('06:00:00', 51.94),
('06:15:00', 54.15),
('06:30:00', 54.15),
('06:45:00', 54.15),
('07:00:00', 54.15),
('07:15:00', 55.82),
('07:30:00', 55.82),
('07:45:00', 55.82),
('08:00:00', 55.82),
('08:15:00', 53.23),
('08:30:00', 53.23),
('08:45:00', 53.23),
('09:00:00', 53.23),
('09:15:00', 52.35),
('09:30:00', 52.35),
('09:45:00', 52.35),
('10:00:00', 52.35),
('10:15:00', 52.73),
('10:30:00', 52.73),
('10:45:00', 52.73),
('11:00:00', 52.73),
('11:15:00', 51.5),
('11:30:00', 51.5),
('11:45:00', 51.5),
('12:00:00', 51.5),
('12:15:00', 49.55),
('12:30:00', 49.55),
('12:45:00', 49.55),
('13:00:00', 49.55),
('13:15:00', 47.09),
('13:30:00', 47.09),
('13:45:00', 47.09),
('14:00:00', 47.09),
('14:15:00', 45),
('14:30:00', 45),
('14:45:00', 45),
('15:00:00', 45),
('15:15:00', 49.89),
('15:30:00', 49.89),
('15:45:00', 49.89),
('16:00:00', 49.89),
('16:15:00', 52.22),
('16:30:00', 52.22),
('16:45:00', 52.22),
('17:00:00', 52.22),
('17:15:00', 58.41),
('17:30:00', 58.41),
('17:45:00', 58.41),
('18:00:00', 58.41),
('18:15:00', 52.06),
('18:30:00', 52.06),
('18:45:00', 52.06),
('19:00:00', 52.06),
('19:15:00', 42.94),
('19:30:00', 42.94),
('19:45:00', 42.94),
('20:00:00', 42.94),
('20:15:00', 42.1),
('20:30:00', 42.1),
('20:45:00', 42.1),
('21:00:00', 42.1),
('21:15:00', 40.76),
('21:30:00', 40.76),
('21:45:00', 40.76),
('22:00:00', 40.76),
('22:15:00', 38.85),
('22:30:00', 38.85),
('22:45:00', 38.85),
('23:00:00', 38.85),
('23:15:00', 38.96),
('23:30:00', 38.96),
('23:45:00', 38.96),
('24:00:00', 38.96);

-- --------------------------------------------------------

--
-- Table structure for table `sensor`
--

CREATE TABLE IF NOT EXISTS `sensor` (
`id` int(10) unsigned NOT NULL,
  `wijknr` smallint(5) unsigned NOT NULL,
  `naam` varchar(32) CHARACTER SET utf8 COLLATE utf8_unicode_ci NOT NULL,
  `waarde` float unsigned NOT NULL DEFAULT '0',
  `status` tinyint(3) unsigned NOT NULL DEFAULT '0' COMMENT '100 is aan; 0 is uit'
) ENGINE=InnoDB AUTO_INCREMENT=3 DEFAULT CHARSET=latin1;

--
-- Dumping data for table `sensor`
--

INSERT INTO `sensor` (`id`, `wijknr`, `naam`, `waarde`, `status`) VALUES
(1, 1, 'lichtsensor', 0, 0),
(2, 21, 'lichtsensor', 65, 0);

-- --------------------------------------------------------

--
-- Table structure for table `sensor_gesch`
--

CREATE TABLE IF NOT EXISTS `sensor_gesch` (
  `tijd` time NOT NULL,
  `sensor_id` int(10) unsigned NOT NULL,
  `waarde` float unsigned NOT NULL,
  `status` tinyint(3) unsigned NOT NULL COMMENT '100 is aan; 0 is uit'
) ENGINE=InnoDB DEFAULT CHARSET=latin1;

-- --------------------------------------------------------

--
-- Table structure for table `sew`
--

CREATE TABLE IF NOT EXISTS `sew` (
`wijknr` smallint(5) unsigned NOT NULL,
  `naam` varchar(32) CHARACTER SET utf8 COLLATE utf8_unicode_ci DEFAULT NULL,
  `wachtwoord` binary(16) DEFAULT NULL,
  `sesid` binary(16) DEFAULT NULL
) ENGINE=InnoDB AUTO_INCREMENT=22 DEFAULT CHARSET=latin1;

--
-- Dumping data for table `sew`
--

INSERT INTO `sew` (`wijknr`, `naam`, `wachtwoord`, `sesid`) VALUES
(1, '1', 0x06628d59d94ac38b2f3c0737bf13f23e, NULL),
(21, '21', 0xea3a4105aee532ff5e6d31f8544e7d5b, NULL);

-- --------------------------------------------------------

--
-- Table structure for table `Thouse`
--

CREATE TABLE IF NOT EXISTS `Thouse` (
  `wijknr` smallint(5) unsigned NOT NULL,
  `tijd` time NOT NULL,
  `temperatuur` float unsigned NOT NULL
) ENGINE=InnoDB DEFAULT CHARSET=latin1;

--
-- Dumping data for table `Thouse`
--

INSERT INTO `Thouse` (`wijknr`, `tijd`, `temperatuur`) VALUES
(1, '00:15:00', 278),
(1, '00:30:00', 278),
(1, '00:45:00', 278),
(1, '01:00:00', 278),
(1, '01:15:00', 278),
(1, '01:30:00', 278),
(1, '01:45:00', 278),
(1, '02:00:00', 278),
(1, '02:15:00', 278),
(1, '02:30:00', 278),
(1, '02:45:00', 278),
(1, '03:00:00', 278),
(1, '03:15:00', 278),
(1, '03:30:00', 278),
(1, '03:45:00', 278),
(1, '04:00:00', 278),
(1, '04:15:00', 278),
(1, '04:30:00', 278),
(1, '04:45:00', 278),
(1, '05:00:00', 278),
(1, '05:15:00', 278),
(1, '05:30:00', 278),
(1, '05:45:00', 278),
(1, '06:00:00', 278),
(1, '06:15:00', 278),
(1, '06:30:00', 281.667),
(1, '06:45:00', 291),
(1, '07:00:00', 291),
(1, '07:15:00', 291),
(1, '07:30:00', 291),
(1, '07:45:00', 291),
(1, '08:00:00', 291),
(1, '08:15:00', 288.25),
(1, '08:30:00', 286.188),
(1, '08:45:00', 284.641),
(1, '09:00:00', 284.23),
(1, '09:15:00', 283.923),
(1, '09:30:00', 283.692),
(1, '09:45:00', 283.519),
(1, '10:00:00', 283.389),
(1, '10:15:00', 283.292),
(1, '10:30:00', 283.219),
(1, '10:45:00', 283.164),
(1, '11:00:00', 283.123),
(1, '11:15:00', 283.092),
(1, '11:30:00', 283.069),
(1, '11:45:00', 283.052),
(1, '12:00:00', 283.039),
(1, '12:15:00', 283.029),
(1, '12:30:00', 283.022),
(1, '12:45:00', 289),
(1, '13:00:00', 289),
(1, '13:15:00', 289),
(1, '13:30:00', 289),
(1, '13:45:00', 289),
(1, '14:00:00', 289),
(1, '14:15:00', 287.5),
(1, '14:30:00', 286.375),
(1, '14:45:00', 285.531),
(1, '15:00:00', 284.148),
(1, '15:15:00', 283.111),
(1, '15:30:00', 282.333),
(1, '15:45:00', 281.75),
(1, '16:00:00', 281.063),
(1, '16:15:00', 280.547),
(1, '16:30:00', 280.16),
(1, '16:45:00', 279.62),
(1, '17:00:00', 279.215),
(1, '17:15:00', 278.911),
(1, '17:30:00', 278.684),
(1, '17:45:00', 278.513),
(1, '18:00:00', 279.333),
(1, '18:15:00', 289),
(1, '18:30:00', 289),
(1, '18:45:00', 289),
(1, '19:00:00', 289),
(1, '19:15:00', 289),
(1, '19:30:00', 289),
(1, '19:45:00', 289),
(1, '20:00:00', 289),
(1, '20:15:00', 289),
(1, '20:30:00', 289),
(1, '20:45:00', 289),
(1, '21:00:00', 289),
(1, '21:15:00', 286.25),
(1, '21:30:00', 284.188),
(1, '21:45:00', 282.641),
(1, '22:00:00', 281.48),
(1, '22:15:00', 280.61),
(1, '22:30:00', 279.958),
(1, '22:45:00', 279.468),
(1, '23:00:00', 279.101),
(1, '23:15:00', 279.119),
(1, '23:30:00', 279.119),
(1, '23:45:00', 279.119),
(1, '24:00:00', 279.119);

-- --------------------------------------------------------

--
-- Table structure for table `toestel`
--

CREATE TABLE IF NOT EXISTS `toestel` (
`id` int(10) unsigned NOT NULL,
  `wijknr` smallint(5) unsigned NOT NULL,
  `naam` varchar(32) CHARACTER SET utf8 COLLATE utf8_unicode_ci NOT NULL,
  `activiteitsgraad` tinyint(100) unsigned NOT NULL DEFAULT '0' COMMENT 'procent',
  `status` float unsigned NOT NULL DEFAULT '0',
  `doelstatus` float unsigned NOT NULL DEFAULT '0',
  `verbruik` float unsigned NOT NULL
) ENGINE=InnoDB AUTO_INCREMENT=13 DEFAULT CHARSET=latin1;

--
-- Dumping data for table `toestel`
--

INSERT INTO `toestel` (`id`, `wijknr`, `naam`, `activiteitsgraad`, `status`, `doelstatus`, `verbruik`) VALUES
(1, 1, 'koelkast', 100, 5, 5, 1500),
(2, 1, 'televisie', 0, 0, 0, 750),
(3, 1, 'verwarming', 60, 18, 22, 1800),
(4, 21, 'koelkast', 0, 5, 8, 900),
(5, 21, 'televisie', 100, 0, 0, 500),
(6, 21, 'verwarming', 50, 18, 16, 1600),
(7, 21, 'wasmachine', 0, 0, 0, 3500),
(8, 1, 'vaatwas', 0, 0, 0, 1600),
(9, 1, 'wasmachine', 0, 0, 0, 3100),
(10, 1, 'e-voertuig', 0, 0, 0, 5000),
(11, 21, 'e-voertuig', 0, 0, 0, 4200),
(12, 21, 'vaatwas', 0, 0, 0, 650);

-- --------------------------------------------------------

--
-- Table structure for table `toestel_gesch`
--

CREATE TABLE IF NOT EXISTS `toestel_gesch` (
  `tijd` time NOT NULL,
  `toestel_id` int(10) unsigned NOT NULL,
  `activiteitsgraad` float NOT NULL,
  `status` float NOT NULL,
  `doelstatus` float NOT NULL,
  `verbruik` float NOT NULL
) ENGINE=InnoDB DEFAULT CHARSET=latin1;

-- --------------------------------------------------------

--
-- Table structure for table `Toutside`
--

CREATE TABLE IF NOT EXISTS `Toutside` (
  `tijd` time NOT NULL,
  `temperatuur` float unsigned NOT NULL
) ENGINE=InnoDB DEFAULT CHARSET=latin1;

--
-- Dumping data for table `Toutside`
--

INSERT INTO `Toutside` (`tijd`, `temperatuur`) VALUES
('00:15:00', 278),
('00:30:00', 278),
('00:45:00', 278),
('01:00:00', 278),
('01:15:00', 278),
('01:30:00', 278),
('01:45:00', 278),
('02:00:00', 278),
('02:15:00', 278),
('02:30:00', 278),
('02:45:00', 278),
('03:00:00', 278),
('03:15:00', 278),
('03:30:00', 278),
('03:45:00', 278),
('04:00:00', 278),
('04:15:00', 278),
('04:30:00', 278),
('04:45:00', 278),
('05:00:00', 278),
('05:15:00', 278),
('05:30:00', 278),
('05:45:00', 278),
('06:00:00', 278),
('06:15:00', 278),
('06:30:00', 279),
('06:45:00', 279),
('07:00:00', 279),
('07:15:00', 279),
('07:30:00', 279),
('07:45:00', 280),
('08:00:00', 280),
('08:15:00', 280),
('08:30:00', 280),
('08:45:00', 283),
('09:00:00', 283),
('09:15:00', 283),
('09:30:00', 283),
('09:45:00', 283),
('10:00:00', 283),
('10:15:00', 283),
('10:30:00', 283),
('10:45:00', 283),
('11:00:00', 283),
('11:15:00', 283),
('11:30:00', 283),
('11:45:00', 283),
('12:00:00', 283),
('12:15:00', 283),
('12:30:00', 283),
('12:45:00', 283),
('13:00:00', 283),
('13:15:00', 283),
('13:30:00', 283),
('13:45:00', 283),
('14:00:00', 283),
('14:15:00', 283),
('14:30:00', 283),
('14:45:00', 280),
('15:00:00', 280),
('15:15:00', 280),
('15:30:00', 280),
('15:45:00', 279),
('16:00:00', 279),
('16:15:00', 279),
('16:30:00', 278),
('16:45:00', 278),
('17:00:00', 278),
('17:15:00', 278),
('17:30:00', 278),
('17:45:00', 278),
('18:00:00', 278),
('18:15:00', 278),
('18:30:00', 278),
('18:45:00', 278),
('19:00:00', 278),
('19:15:00', 278),
('19:30:00', 278),
('19:45:00', 278),
('20:00:00', 278),
('20:15:00', 278),
('20:30:00', 278),
('20:45:00', 278),
('21:00:00', 278),
('21:15:00', 278),
('21:30:00', 278),
('21:45:00', 278),
('22:00:00', 278),
('22:15:00', 278),
('22:30:00', 278),
('22:45:00', 278),
('23:00:00', 278),
('23:15:00', 278),
('23:30:00', 278),
('23:45:00', 278),
('24:00:00', 278);

-- --------------------------------------------------------

--
-- Table structure for table `tv`
--

CREATE TABLE IF NOT EXISTS `tv` (
  `wijknr` smallint(5) unsigned NOT NULL,
  `tijd` time NOT NULL,
  `verbruik` float unsigned NOT NULL
) ENGINE=InnoDB DEFAULT CHARSET=latin1;

--
-- Dumping data for table `tv`
--

INSERT INTO `tv` (`wijknr`, `tijd`, `verbruik`) VALUES
(1, '00:15:00', 3),
(1, '00:30:00', 3),
(1, '00:45:00', 3),
(1, '01:00:00', 3),
(1, '01:15:00', 3),
(1, '01:30:00', 3),
(1, '01:45:00', 3),
(1, '02:00:00', 3),
(1, '02:15:00', 3),
(1, '02:30:00', 3),
(1, '02:45:00', 3),
(1, '03:00:00', 3),
(1, '03:15:00', 3),
(1, '03:30:00', 3),
(1, '03:45:00', 3),
(1, '04:00:00', 3),
(1, '04:15:00', 3),
(1, '04:30:00', 3),
(1, '04:45:00', 3),
(1, '05:00:00', 3),
(1, '05:15:00', 3),
(1, '05:30:00', 3),
(1, '05:45:00', 3),
(1, '06:00:00', 3),
(1, '06:15:00', 3),
(1, '06:30:00', 3),
(1, '06:45:00', 3),
(1, '07:00:00', 3),
(1, '07:15:00', 3),
(1, '07:30:00', 3),
(1, '07:45:00', 3),
(1, '08:00:00', 3),
(1, '08:15:00', 3),
(1, '08:30:00', 3),
(1, '08:45:00', 3),
(1, '09:00:00', 3),
(1, '09:15:00', 3),
(1, '09:30:00', 3),
(1, '09:45:00', 3),
(1, '10:00:00', 3),
(1, '10:15:00', 3),
(1, '10:30:00', 3),
(1, '10:45:00', 3),
(1, '11:00:00', 3),
(1, '11:15:00', 3),
(1, '11:30:00', 3),
(1, '11:45:00', 3),
(1, '12:00:00', 3),
(1, '12:15:00', 3),
(1, '12:30:00', 3),
(1, '12:45:00', 3),
(1, '13:00:00', 138),
(1, '13:15:00', 138),
(1, '13:30:00', 3),
(1, '13:45:00', 3),
(1, '14:00:00', 3),
(1, '14:15:00', 3),
(1, '14:30:00', 3),
(1, '14:45:00', 3),
(1, '15:00:00', 3),
(1, '15:15:00', 3),
(1, '15:30:00', 3),
(1, '15:45:00', 3),
(1, '16:00:00', 3),
(1, '16:15:00', 3),
(1, '16:30:00', 3),
(1, '16:45:00', 3),
(1, '17:00:00', 3),
(1, '17:15:00', 3),
(1, '17:30:00', 3),
(1, '17:45:00', 3),
(1, '18:00:00', 3),
(1, '18:15:00', 3),
(1, '18:30:00', 3),
(1, '18:45:00', 3),
(1, '19:00:00', 3),
(1, '19:15:00', 3),
(1, '19:30:00', 3),
(1, '19:45:00', 3),
(1, '20:00:00', 3),
(1, '20:15:00', 138),
(1, '20:30:00', 138),
(1, '20:45:00', 138),
(1, '21:00:00', 138),
(1, '21:15:00', 138),
(1, '21:30:00', 138),
(1, '21:45:00', 138),
(1, '22:00:00', 138),
(1, '22:15:00', 3),
(1, '22:30:00', 3),
(1, '22:45:00', 3),
(1, '23:00:00', 3),
(1, '23:15:00', 3),
(1, '23:30:00', 3),
(1, '23:45:00', 3),
(1, '24:00:00', 3);

-- --------------------------------------------------------

--
-- Table structure for table `ui`
--

CREATE TABLE IF NOT EXISTS `ui` (
  `start_simulatie` tinyint(1) NOT NULL DEFAULT '0',
  `start_optimalisatie` tinyint(1) NOT NULL DEFAULT '0',
  `skip_optimalisatie` tinyint(1) NOT NULL DEFAULT '0'
) ENGINE=InnoDB DEFAULT CHARSET=latin1;

-- --------------------------------------------------------

--
-- Table structure for table `user_interface`
--

CREATE TABLE IF NOT EXISTS `user_interface` (
  `start_simulatie` tinyint(1) NOT NULL DEFAULT '0',
  `start_optimalisatie` tinyint(1) NOT NULL DEFAULT '0',
  `skip_optimalisatie` tinyint(1) NOT NULL DEFAULT '0'
) ENGINE=InnoDB DEFAULT CHARSET=latin1;

--
-- Dumping data for table `user_interface`
--

INSERT INTO `user_interface` (`start_simulatie`, `start_optimalisatie`, `skip_optimalisatie`) VALUES
(0, 1, 0);

-- --------------------------------------------------------

--
-- Table structure for table `vaatwas`
--

CREATE TABLE IF NOT EXISTS `vaatwas` (
  `wijknr` smallint(5) unsigned NOT NULL,
  `tijd` time NOT NULL,
  `verbruik` float unsigned NOT NULL
) ENGINE=InnoDB DEFAULT CHARSET=latin1;

--
-- Dumping data for table `vaatwas`
--

INSERT INTO `vaatwas` (`wijknr`, `tijd`, `verbruik`) VALUES
(1, '00:15:00', 0),
(1, '00:30:00', 0),
(1, '00:45:00', 0),
(1, '01:00:00', 0),
(1, '01:15:00', 50),
(1, '01:30:00', 20),
(1, '01:45:00', 20),
(1, '02:00:00', 5),
(1, '02:15:00', 0),
(1, '02:30:00', 0),
(1, '02:45:00', 0),
(1, '03:00:00', 0),
(1, '03:15:00', 0),
(1, '03:30:00', 0),
(1, '03:45:00', 0),
(1, '04:00:00', 0),
(1, '04:15:00', 0),
(1, '04:30:00', 0),
(1, '04:45:00', 0),
(1, '05:00:00', 0),
(1, '05:15:00', 0),
(1, '05:30:00', 0),
(1, '05:45:00', 0),
(1, '06:00:00', 0),
(1, '06:15:00', 0),
(1, '06:30:00', 0),
(1, '06:45:00', 0),
(1, '07:00:00', 0),
(1, '07:15:00', 0),
(1, '07:30:00', 0),
(1, '07:45:00', 0),
(1, '08:00:00', 0),
(1, '08:15:00', 0),
(1, '08:30:00', 0),
(1, '08:45:00', 0),
(1, '09:00:00', 0),
(1, '09:15:00', 0),
(1, '09:30:00', 0),
(1, '09:45:00', 0),
(1, '10:00:00', 0),
(1, '10:15:00', 0),
(1, '10:30:00', 0),
(1, '10:45:00', 0),
(1, '11:00:00', 0),
(1, '11:15:00', 0),
(1, '11:30:00', 0),
(1, '11:45:00', 0),
(1, '12:00:00', 0),
(1, '12:15:00', 0),
(1, '12:30:00', 0),
(1, '12:45:00', 0),
(1, '13:00:00', 0),
(1, '13:15:00', 0),
(1, '13:30:00', 0),
(1, '13:45:00', 0),
(1, '14:00:00', 0),
(1, '14:15:00', 0),
(1, '14:30:00', 0),
(1, '14:45:00', 0),
(1, '15:00:00', 0),
(1, '15:15:00', 0),
(1, '15:30:00', 0),
(1, '15:45:00', 0),
(1, '16:00:00', 0),
(1, '16:15:00', 0),
(1, '16:30:00', 0),
(1, '16:45:00', 0),
(1, '17:00:00', 0),
(1, '17:15:00', 0),
(1, '17:30:00', 0),
(1, '17:45:00', 0),
(1, '18:00:00', 0),
(1, '18:15:00', 0),
(1, '18:30:00', 0),
(1, '18:45:00', 0),
(1, '19:00:00', 0),
(1, '19:15:00', 0),
(1, '19:30:00', 0),
(1, '19:45:00', 0),
(1, '20:00:00', 0),
(1, '20:15:00', 0),
(1, '20:30:00', 0),
(1, '20:45:00', 0),
(1, '21:00:00', 0),
(1, '21:15:00', 0),
(1, '21:30:00', 0),
(1, '21:45:00', 0),
(1, '22:00:00', 0),
(1, '22:15:00', 0),
(1, '22:30:00', 0),
(1, '22:45:00', 0),
(1, '23:00:00', 0),
(1, '23:15:00', 0),
(1, '23:30:00', 0),
(1, '23:45:00', 0),
(1, '24:00:00', 0);

-- --------------------------------------------------------

--
-- Table structure for table `verwarming`
--

CREATE TABLE IF NOT EXISTS `verwarming` (
  `wijknr` smallint(5) unsigned NOT NULL,
  `tijd` time NOT NULL,
  `verbruik` float unsigned NOT NULL
) ENGINE=InnoDB DEFAULT CHARSET=latin1;

--
-- Dumping data for table `verwarming`
--

INSERT INTO `verwarming` (`wijknr`, `tijd`, `verbruik`) VALUES
(1, '00:15:00', 0),
(1, '00:30:00', 0),
(1, '00:45:00', 0),
(1, '01:00:00', 0),
(1, '01:15:00', 0),
(1, '01:30:00', 0),
(1, '01:45:00', 0),
(1, '02:00:00', 0),
(1, '02:15:00', 0),
(1, '02:30:00', 0),
(1, '02:45:00', 0),
(1, '03:00:00', 0),
(1, '03:15:00', 0),
(1, '03:30:00', 0),
(1, '03:45:00', 0),
(1, '04:00:00', 0),
(1, '04:15:00', 0),
(1, '04:30:00', 0),
(1, '04:45:00', 0),
(1, '05:00:00', 0),
(1, '05:15:00', 0),
(1, '05:30:00', 0),
(1, '05:45:00', 0),
(1, '06:00:00', 0),
(1, '06:15:00', 733.333),
(1, '06:30:00', 2000),
(1, '06:45:00', 600),
(1, '07:00:00', 600),
(1, '07:15:00', 600),
(1, '07:30:00', 600),
(1, '07:45:00', 550),
(1, '08:00:00', 0),
(1, '08:15:00', 0),
(1, '08:30:00', 0),
(1, '08:45:00', 0),
(1, '09:00:00', 0),
(1, '09:15:00', 0),
(1, '09:30:00', 0),
(1, '09:45:00', 0),
(1, '10:00:00', 0),
(1, '10:15:00', 0),
(1, '10:30:00', 0),
(1, '10:45:00', 0),
(1, '11:00:00', 0),
(1, '11:15:00', 0),
(1, '11:30:00', 0),
(1, '11:45:00', 0),
(1, '12:00:00', 0),
(1, '12:15:00', 0),
(1, '12:30:00', 1196.71),
(1, '12:45:00', 300),
(1, '13:00:00', 300),
(1, '13:15:00', 300),
(1, '13:30:00', 300),
(1, '13:45:00', 300),
(1, '14:00:00', 0),
(1, '14:15:00', 0),
(1, '14:30:00', 0),
(1, '14:45:00', 0),
(1, '15:00:00', 0),
(1, '15:15:00', 0),
(1, '15:30:00', 0),
(1, '15:45:00', 0),
(1, '16:00:00', 0),
(1, '16:15:00', 0),
(1, '16:30:00', 0),
(1, '16:45:00', 0),
(1, '17:00:00', 0),
(1, '17:15:00', 0),
(1, '17:30:00', 0),
(1, '17:45:00', 189.773),
(1, '18:00:00', 2000),
(1, '18:15:00', 550),
(1, '18:30:00', 550),
(1, '18:45:00', 550),
(1, '19:00:00', 550),
(1, '19:15:00', 550),
(1, '19:30:00', 550),
(1, '19:45:00', 550),
(1, '20:00:00', 550),
(1, '20:15:00', 550),
(1, '20:30:00', 550),
(1, '20:45:00', 550),
(1, '21:00:00', 0),
(1, '21:15:00', 0),
(1, '21:30:00', 0),
(1, '21:45:00', 0),
(1, '22:00:00', 0),
(1, '22:15:00', 0),
(1, '22:30:00', 0),
(1, '22:45:00', 0),
(1, '23:00:00', 58.6378),
(1, '23:15:00', 55.956),
(1, '23:30:00', 55.956),
(1, '23:45:00', 55.956),
(1, '24:00:00', 0);

-- --------------------------------------------------------

--
-- Table structure for table `wasmachine`
--

CREATE TABLE IF NOT EXISTS `wasmachine` (
  `wijknr` smallint(5) unsigned NOT NULL,
  `tijd` time NOT NULL,
  `verbruik` float unsigned NOT NULL
) ENGINE=InnoDB DEFAULT CHARSET=latin1;

--
-- Dumping data for table `wasmachine`
--

INSERT INTO `wasmachine` (`wijknr`, `tijd`, `verbruik`) VALUES
(1, '00:15:00', 0),
(1, '00:30:00', 0),
(1, '00:45:00', 0),
(1, '01:00:00', 0),
(1, '01:15:00', 0),
(1, '01:30:00', 0),
(1, '01:45:00', 0),
(1, '02:00:00', 0),
(1, '02:15:00', 0),
(1, '02:30:00', 0),
(1, '02:45:00', 0),
(1, '03:00:00', 0),
(1, '03:15:00', 0),
(1, '03:30:00', 0),
(1, '03:45:00', 0),
(1, '04:00:00', 0),
(1, '04:15:00', 0),
(1, '04:30:00', 0),
(1, '04:45:00', 0),
(1, '05:00:00', 0),
(1, '05:15:00', 0),
(1, '05:30:00', 0),
(1, '05:45:00', 0),
(1, '06:00:00', 0),
(1, '06:15:00', 0),
(1, '06:30:00', 0),
(1, '06:45:00', 0),
(1, '07:00:00', 0),
(1, '07:15:00', 0),
(1, '07:30:00', 0),
(1, '07:45:00', 0),
(1, '08:00:00', 0),
(1, '08:15:00', 0),
(1, '08:30:00', 0),
(1, '08:45:00', 0),
(1, '09:00:00', 0),
(1, '09:15:00', 0),
(1, '09:30:00', 0),
(1, '09:45:00', 0),
(1, '10:00:00', 0),
(1, '10:15:00', 0),
(1, '10:30:00', 0),
(1, '10:45:00', 0),
(1, '11:00:00', 0),
(1, '11:15:00', 0),
(1, '11:30:00', 0),
(1, '11:45:00', 0),
(1, '12:00:00', 0),
(1, '12:15:00', 0),
(1, '12:30:00', 0),
(1, '12:45:00', 0),
(1, '13:00:00', 0),
(1, '13:15:00', 0),
(1, '13:30:00', 0),
(1, '13:45:00', 0),
(1, '14:00:00', 0),
(1, '14:15:00', 23),
(1, '14:30:00', 18),
(1, '14:45:00', 6),
(1, '15:00:00', 0),
(1, '15:15:00', 0),
(1, '15:30:00', 0),
(1, '15:45:00', 0),
(1, '16:00:00', 0),
(1, '16:15:00', 0),
(1, '16:30:00', 0),
(1, '16:45:00', 0),
(1, '17:00:00', 0),
(1, '17:15:00', 0),
(1, '17:30:00', 0),
(1, '17:45:00', 0),
(1, '18:00:00', 0),
(1, '18:15:00', 0),
(1, '18:30:00', 0),
(1, '18:45:00', 0),
(1, '19:00:00', 0),
(1, '19:15:00', 0),
(1, '19:30:00', 0),
(1, '19:45:00', 0),
(1, '20:00:00', 0),
(1, '20:15:00', 0),
(1, '20:30:00', 0),
(1, '20:45:00', 0),
(1, '21:00:00', 0),
(1, '21:15:00', 0),
(1, '21:30:00', 0),
(1, '21:45:00', 0),
(1, '22:00:00', 0),
(1, '22:15:00', 0),
(1, '22:30:00', 0),
(1, '22:45:00', 0),
(1, '23:00:00', 0),
(1, '23:15:00', 0),
(1, '23:30:00', 0),
(1, '23:45:00', 0),
(1, '24:00:00', 0);

-- --------------------------------------------------------

--
-- Table structure for table `wind`
--

CREATE TABLE IF NOT EXISTS `wind` (
  `tijd` time NOT NULL,
  `load_factor` float unsigned NOT NULL
) ENGINE=InnoDB DEFAULT CHARSET=latin1;

--
-- Dumping data for table `wind`
--

INSERT INTO `wind` (`tijd`, `load_factor`) VALUES
('00:15:00', 0.52),
('00:30:00', 0.48),
('00:45:00', 0.45),
('01:00:00', 0.4),
('01:15:00', 0.41),
('01:30:00', 0.39),
('01:45:00', 0.4),
('02:00:00', 0.36),
('02:15:00', 0.32),
('02:30:00', 0.31),
('02:45:00', 0.35),
('03:00:00', 0.38),
('03:15:00', 0.38),
('03:30:00', 0.39),
('03:45:00', 0.4),
('04:00:00', 0.4),
('04:15:00', 0.39),
('04:30:00', 0.35),
('04:45:00', 0.33),
('05:00:00', 0.35),
('05:15:00', 0.34),
('05:30:00', 0.31),
('05:45:00', 0.29),
('06:00:00', 0.29),
('06:15:00', 0.25),
('06:30:00', 0.24),
('06:45:00', 0.23),
('07:00:00', 0.23),
('07:15:00', 0.21),
('07:30:00', 0.2),
('07:45:00', 0.18),
('08:00:00', 0.16),
('08:15:00', 0.14),
('08:30:00', 0.13),
('08:45:00', 0.11),
('09:00:00', 0.09),
('09:15:00', 0.09),
('09:30:00', 0.09),
('09:45:00', 0.09),
('10:00:00', 0.08),
('10:15:00', 0.08),
('10:30:00', 0.07),
('10:45:00', 0.06),
('11:00:00', 0.06),
('11:15:00', 0.07),
('11:30:00', 0.07),
('11:45:00', 0.08),
('12:00:00', 0.08),
('12:15:00', 0.09),
('12:30:00', 0.1),
('12:45:00', 0.09),
('13:00:00', 0.08),
('13:15:00', 0.08),
('13:30:00', 0.09),
('13:45:00', 0.07),
('14:00:00', 0.07),
('14:15:00', 0.07),
('14:30:00', 0.06),
('14:45:00', 0.06),
('15:00:00', 0.05),
('15:15:00', 0.05),
('15:30:00', 0.06),
('15:45:00', 0.06),
('16:00:00', 0.07),
('16:15:00', 0.06),
('16:30:00', 0.05),
('16:45:00', 0.05),
('17:00:00', 0.06),
('17:15:00', 0.07),
('17:30:00', 0.08),
('17:45:00', 0.07),
('18:00:00', 0.08),
('18:15:00', 0.09),
('18:30:00', 0.1),
('18:45:00', 0.11),
('19:00:00', 0.11),
('19:15:00', 0.11),
('19:30:00', 0.12),
('19:45:00', 0.13),
('20:00:00', 0.12),
('20:15:00', 0.1),
('20:30:00', 0.1),
('20:45:00', 0.11),
('21:00:00', 0.13),
('21:15:00', 0.13),
('21:30:00', 0.12),
('21:45:00', 0.12),
('22:00:00', 0.1),
('22:15:00', 0.09),
('22:30:00', 0.08),
('22:45:00', 0.07),
('23:00:00', 0.05),
('23:15:00', 0.04),
('23:30:00', 0.04),
('23:45:00', 0.03),
('24:00:00', 0.03);

-- --------------------------------------------------------

--
-- Table structure for table `zon`
--

CREATE TABLE IF NOT EXISTS `zon` (
  `tijd` time NOT NULL,
  `load_factor` float unsigned NOT NULL
) ENGINE=InnoDB DEFAULT CHARSET=latin1;

--
-- Dumping data for table `zon`
--

INSERT INTO `zon` (`tijd`, `load_factor`) VALUES
('00:15:00', 0),
('00:30:00', 0),
('00:45:00', 0),
('01:00:00', 0),
('01:15:00', 0),
('01:30:00', 0),
('01:45:00', 0),
('02:00:00', 0),
('02:15:00', 0),
('02:30:00', 0),
('02:45:00', 0),
('03:00:00', 0),
('03:15:00', 0),
('03:30:00', 0),
('03:45:00', 0),
('04:00:00', 0),
('04:15:00', 0),
('04:30:00', 0),
('04:45:00', 0),
('05:00:00', 0),
('05:15:00', 0),
('05:30:00', 0),
('05:45:00', 0),
('06:00:00', 0),
('06:15:00', 0.16),
('06:30:00', 2.12),
('06:45:00', 7.12),
('07:00:00', 14.36),
('07:15:00', 22.96),
('07:30:00', 34.24),
('07:45:00', 47.08),
('08:00:00', 60.68),
('08:15:00', 78.92),
('08:30:00', 99.04),
('08:45:00', 120.44),
('09:00:00', 134.08),
('09:15:00', 154.88),
('09:30:00', 169.36),
('09:45:00', 179.52),
('10:00:00', 191.12),
('10:15:00', 197.96),
('10:30:00', 201.6),
('10:45:00', 204.36),
('11:00:00', 202.8),
('11:15:00', 201.24),
('11:30:00', 198.72),
('11:45:00', 193.12),
('12:00:00', 187.96),
('12:15:00', 188.84),
('12:30:00', 187.28),
('12:45:00', 177.88),
('13:00:00', 170.24),
('13:15:00', 159.72),
('13:30:00', 152),
('13:45:00', 139.36),
('14:00:00', 124.48),
('14:15:00', 112.96),
('14:30:00', 100.52),
('14:45:00', 85.56),
('15:00:00', 70.36),
('15:15:00', 58.52),
('15:30:00', 47.68),
('15:45:00', 37.28),
('16:00:00', 27.24),
('16:15:00', 19.32),
('16:30:00', 14.16),
('16:45:00', 8.68),
('17:00:00', 4.24),
('17:15:00', 0.6),
('17:30:00', 0),
('17:45:00', 0),
('18:00:00', 0),
('18:15:00', 0),
('18:30:00', 0),
('18:45:00', 0),
('19:00:00', 0),
('19:15:00', 0),
('19:30:00', 0),
('19:45:00', 0),
('20:00:00', 0),
('20:15:00', 0),
('20:30:00', 0),
('20:45:00', 0),
('21:00:00', 0),
('21:15:00', 0),
('21:30:00', 0),
('21:45:00', 0),
('22:00:00', 0),
('22:15:00', 0),
('22:30:00', 0),
('22:45:00', 0),
('23:00:00', 0),
('23:15:00', 0),
('23:30:00', 0),
('23:45:00', 0),
('24:00:00', 0);

-- --------------------------------------------------------

--
-- Structure for view `instellingView`
--
DROP TABLE IF EXISTS `instellingView`;

CREATE ALGORITHM=UNDEFINED DEFINER=`root`@`localhost` SQL SECURITY DEFINER VIEW `instellingView` AS select `i`.`id` AS `id`,`i`.`toestel_id` AS `toestel_id`,`i`.`starttijd` AS `starttijd`,`i`.`stoptijd` AS `stoptijd`,`t`.`naam` AS `naam`,`t`.`wijknr` AS `wijknr` from (`instelling` `i` join `toestel` `t` on((`i`.`toestel_id` = `t`.`id`)));

--
-- Indexes for dumped tables
--

--
-- Indexes for table `energieverbruik`
--
ALTER TABLE `energieverbruik`
 ADD PRIMARY KEY (`tijd`,`wijknr`), ADD KEY `wijknr` (`wijknr`);

--
-- Indexes for table `EV`
--
ALTER TABLE `EV`
 ADD PRIMARY KEY (`wijknr`,`tijd`);

--
-- Indexes for table `fornuis`
--
ALTER TABLE `fornuis`
 ADD PRIMARY KEY (`wijknr`,`tijd`);

--
-- Indexes for table `heb`
--
ALTER TABLE `heb`
 ADD PRIMARY KEY (`id`), ADD KEY `wijknr` (`wijknr`);

--
-- Indexes for table `heb_gesch`
--
ALTER TABLE `heb_gesch`
 ADD PRIMARY KEY (`tijd`,`heb_id`), ADD KEY `heb_id` (`heb_id`);

--
-- Indexes for table `ijskast`
--
ALTER TABLE `ijskast`
 ADD PRIMARY KEY (`wijknr`,`tijd`);

--
-- Indexes for table `instelling`
--
ALTER TABLE `instelling`
 ADD PRIMARY KEY (`id`), ADD KEY `toestel_id` (`toestel_id`);

--
-- Indexes for table `instelling_verwarming`
--
ALTER TABLE `instelling_verwarming`
 ADD PRIMARY KEY (`id`), ADD KEY `verwarming_id` (`verwarming_id`);

--
-- Indexes for table `net_energieverbruik`
--
ALTER TABLE `net_energieverbruik`
 ADD PRIMARY KEY (`tijd`,`wijknr`), ADD KEY `wijknr` (`wijknr`);

--
-- Indexes for table `prijs`
--
ALTER TABLE `prijs`
 ADD PRIMARY KEY (`tijd`);

--
-- Indexes for table `sensor`
--
ALTER TABLE `sensor`
 ADD PRIMARY KEY (`id`), ADD KEY `wijknr` (`wijknr`);

--
-- Indexes for table `sensor_gesch`
--
ALTER TABLE `sensor_gesch`
 ADD PRIMARY KEY (`tijd`,`sensor_id`), ADD KEY `sensor_id` (`sensor_id`);

--
-- Indexes for table `sew`
--
ALTER TABLE `sew`
 ADD PRIMARY KEY (`wijknr`);

--
-- Indexes for table `Thouse`
--
ALTER TABLE `Thouse`
 ADD PRIMARY KEY (`wijknr`,`tijd`);

--
-- Indexes for table `toestel`
--
ALTER TABLE `toestel`
 ADD PRIMARY KEY (`id`), ADD KEY `wijknr` (`wijknr`);

--
-- Indexes for table `toestel_gesch`
--
ALTER TABLE `toestel_gesch`
 ADD PRIMARY KEY (`tijd`,`toestel_id`), ADD KEY `toestel_id` (`toestel_id`);

--
-- Indexes for table `Toutside`
--
ALTER TABLE `Toutside`
 ADD PRIMARY KEY (`tijd`);

--
-- Indexes for table `tv`
--
ALTER TABLE `tv`
 ADD PRIMARY KEY (`wijknr`,`tijd`);

--
-- Indexes for table `vaatwas`
--
ALTER TABLE `vaatwas`
 ADD PRIMARY KEY (`wijknr`,`tijd`);

--
-- Indexes for table `verwarming`
--
ALTER TABLE `verwarming`
 ADD PRIMARY KEY (`wijknr`,`tijd`);

--
-- Indexes for table `wasmachine`
--
ALTER TABLE `wasmachine`
 ADD PRIMARY KEY (`wijknr`,`tijd`);

--
-- Indexes for table `wind`
--
ALTER TABLE `wind`
 ADD PRIMARY KEY (`tijd`);

--
-- Indexes for table `zon`
--
ALTER TABLE `zon`
 ADD PRIMARY KEY (`tijd`);

--
-- AUTO_INCREMENT for dumped tables
--

--
-- AUTO_INCREMENT for table `heb`
--
ALTER TABLE `heb`
MODIFY `id` int(10) unsigned NOT NULL AUTO_INCREMENT,AUTO_INCREMENT=4;
--
-- AUTO_INCREMENT for table `instelling`
--
ALTER TABLE `instelling`
MODIFY `id` int(10) unsigned NOT NULL AUTO_INCREMENT,AUTO_INCREMENT=8;
--
-- AUTO_INCREMENT for table `instelling_verwarming`
--
ALTER TABLE `instelling_verwarming`
MODIFY `id` int(10) unsigned NOT NULL AUTO_INCREMENT,AUTO_INCREMENT=6;
--
-- AUTO_INCREMENT for table `sensor`
--
ALTER TABLE `sensor`
MODIFY `id` int(10) unsigned NOT NULL AUTO_INCREMENT,AUTO_INCREMENT=3;
--
-- AUTO_INCREMENT for table `sew`
--
ALTER TABLE `sew`
MODIFY `wijknr` smallint(5) unsigned NOT NULL AUTO_INCREMENT,AUTO_INCREMENT=22;
--
-- AUTO_INCREMENT for table `toestel`
--
ALTER TABLE `toestel`
MODIFY `id` int(10) unsigned NOT NULL AUTO_INCREMENT,AUTO_INCREMENT=13;
--
-- Constraints for dumped tables
--

--
-- Constraints for table `energieverbruik`
--
ALTER TABLE `energieverbruik`
ADD CONSTRAINT `energieverbruik_ibfk_1` FOREIGN KEY (`wijknr`) REFERENCES `sew` (`wijknr`) ON DELETE CASCADE ON UPDATE CASCADE;

--
-- Constraints for table `EV`
--
ALTER TABLE `EV`
ADD CONSTRAINT `EV_ibfk_1` FOREIGN KEY (`wijknr`) REFERENCES `sew` (`wijknr`) ON DELETE CASCADE ON UPDATE CASCADE;

--
-- Constraints for table `fornuis`
--
ALTER TABLE `fornuis`
ADD CONSTRAINT `fornuis_ibfk_1` FOREIGN KEY (`wijknr`) REFERENCES `sew` (`wijknr`) ON DELETE CASCADE ON UPDATE CASCADE;

--
-- Constraints for table `heb`
--
ALTER TABLE `heb`
ADD CONSTRAINT `heb_ibfk_1` FOREIGN KEY (`wijknr`) REFERENCES `sew` (`wijknr`) ON DELETE CASCADE ON UPDATE CASCADE;

--
-- Constraints for table `heb_gesch`
--
ALTER TABLE `heb_gesch`
ADD CONSTRAINT `heb_gesch_ibfk_1` FOREIGN KEY (`heb_id`) REFERENCES `heb` (`id`) ON UPDATE CASCADE;

--
-- Constraints for table `ijskast`
--
ALTER TABLE `ijskast`
ADD CONSTRAINT `ijskast_ibfk_1` FOREIGN KEY (`wijknr`) REFERENCES `sew` (`wijknr`) ON DELETE CASCADE ON UPDATE CASCADE;

--
-- Constraints for table `instelling`
--
ALTER TABLE `instelling`
ADD CONSTRAINT `instelling_ibfk_1` FOREIGN KEY (`toestel_id`) REFERENCES `toestel` (`id`) ON DELETE CASCADE ON UPDATE CASCADE;

--
-- Constraints for table `instelling_verwarming`
--
ALTER TABLE `instelling_verwarming`
ADD CONSTRAINT `instelling_verwarming_ibfk_1` FOREIGN KEY (`verwarming_id`) REFERENCES `toestel` (`id`) ON DELETE CASCADE ON UPDATE CASCADE;

--
-- Constraints for table `net_energieverbruik`
--
ALTER TABLE `net_energieverbruik`
ADD CONSTRAINT `net_energieverbruik_ibfk_1` FOREIGN KEY (`wijknr`) REFERENCES `sew` (`wijknr`) ON DELETE CASCADE ON UPDATE CASCADE;

--
-- Constraints for table `sensor`
--
ALTER TABLE `sensor`
ADD CONSTRAINT `sensor_ibfk_1` FOREIGN KEY (`wijknr`) REFERENCES `sew` (`wijknr`) ON DELETE CASCADE ON UPDATE CASCADE;

--
-- Constraints for table `sensor_gesch`
--
ALTER TABLE `sensor_gesch`
ADD CONSTRAINT `sensor_gesch_ibfk_1` FOREIGN KEY (`sensor_id`) REFERENCES `sensor` (`id`) ON UPDATE CASCADE;

--
-- Constraints for table `Thouse`
--
ALTER TABLE `Thouse`
ADD CONSTRAINT `Thouse_ibfk_1` FOREIGN KEY (`wijknr`) REFERENCES `sew` (`wijknr`) ON DELETE CASCADE ON UPDATE CASCADE;

--
-- Constraints for table `toestel`
--
ALTER TABLE `toestel`
ADD CONSTRAINT `toestel_ibfk_1` FOREIGN KEY (`wijknr`) REFERENCES `sew` (`wijknr`) ON DELETE CASCADE ON UPDATE CASCADE;

--
-- Constraints for table `toestel_gesch`
--
ALTER TABLE `toestel_gesch`
ADD CONSTRAINT `toestel_gesch_ibfk_1` FOREIGN KEY (`toestel_id`) REFERENCES `toestel` (`id`) ON UPDATE CASCADE;

--
-- Constraints for table `tv`
--
ALTER TABLE `tv`
ADD CONSTRAINT `tv_ibfk_1` FOREIGN KEY (`wijknr`) REFERENCES `sew` (`wijknr`) ON DELETE CASCADE ON UPDATE CASCADE;

--
-- Constraints for table `vaatwas`
--
ALTER TABLE `vaatwas`
ADD CONSTRAINT `vaatwas_ibfk_1` FOREIGN KEY (`wijknr`) REFERENCES `sew` (`wijknr`) ON DELETE CASCADE ON UPDATE CASCADE;

--
-- Constraints for table `verwarming`
--
ALTER TABLE `verwarming`
ADD CONSTRAINT `verwarming_ibfk_1` FOREIGN KEY (`wijknr`) REFERENCES `sew` (`wijknr`) ON DELETE CASCADE ON UPDATE CASCADE;

--
-- Constraints for table `wasmachine`
--
ALTER TABLE `wasmachine`
ADD CONSTRAINT `wasmachine_ibfk_1` FOREIGN KEY (`wijknr`) REFERENCES `sew` (`wijknr`) ON DELETE CASCADE ON UPDATE CASCADE;

/*!40101 SET CHARACTER_SET_CLIENT=@OLD_CHARACTER_SET_CLIENT */;
/*!40101 SET CHARACTER_SET_RESULTS=@OLD_CHARACTER_SET_RESULTS */;
/*!40101 SET COLLATION_CONNECTION=@OLD_COLLATION_CONNECTION */;
